{
    "loss": 3.662000894546509,
    "accuracy": 0.5517241358757019
}